delivery_id,customer_name,postcode,quality,latitude,longitude,demand,priority
DEPOT,DPD Hinckley Depot,LE10 3BQ,1,52.527037,-1.390319,0,depot
D001,James Davis,CV10 7RY,1,52.51825,-1.496623,2,standard
D002,Priya Kaur,LE2 0LF,1,52.630734,-1.123213,4,express
D003,Sophia Smith,CV1 4GZ,1,52.409802,-1.516057,1,standard
D004,Tyler Rahman,NG6 9FT,1,52.999647,-1.183861,2,standard
D005,Leon Singh,NG17 8JA,1,53.106098,-1.266693,5,standard
D006,Zara Brown,NG7 5PJ,1,52.96816,-1.180314,1,standard
D007,Amelia Osei,LE19 2GB,1,52.571687,-1.209999,1,standard
D008,Oliver Hussain,LE7 7QY,1,52.711719,-1.138319,2,standard
D009,Amelia Shah,B12 0TS,1,52.468989,-1.885161,5,express
D010,Mia Kaur,LE4 3JD,1,52.680981,-1.136808,2,standard
D011,Yasmin Jones,LE3 5QA,1,52.633413,-1.151515,2,express
D012,James Jones,LE8 8ER,1,52.536239,-1.043076,3,express
D013,Nadia Hussain,NG16 1HD,1,53.004473,-1.246391,2,standard
D014,Priya Sharma,NG11 7AU,1,52.926312,-1.158197,1,express
D015,Yasmin Patel,B23 6HS,1,52.525783,-1.855976,4,standard
D016,Oliver Iqbal,LE2 9LT,1,52.58993,-1.156871,4,standard
D017,Charlotte Iqbal,NG8 6QH,1,52.980663,-1.228545,2,standard
D018,James Hussain,B11 3NJ,1,52.449001,-1.842616,2,express
D019,Aiden Wilson,NG6 8SP,1,52.999878,-1.199383,1,standard
D020,Amelia Begum,B18 6AQ,1,52.488859,-1.907141,5,express
D021,Aisha Iqbal,CV2 4PY,1,52.414214,-1.487472,5,standard
D022,James Williams,LE2 2PB,1,52.604929,-1.086959,3,standard
D023,George Wilson,NG3 3GG,1,52.962324,-1.136804,1,standard
D024,Mia Thomas,B12 9PW,1,52.455872,-1.893362,3,standard
D025,Zara Clarke,B3 1BA,1,52.483265,-1.904841,5,standard
D026,Ethan Osei,CV2 3AZ,1,52.423348,-1.451368,5,standard
D027,Noah Patel,NG2 3LY,1,52.947361,-1.122665,4,standard
D028,Harry Kowalski,NG16 2DL,1,53.011964,-1.281868,5,standard
D029,Amelia Thomas,B2 2RX,1,52.495968,-1.894209,1,standard
D030,Mia Davis,LE19 1TP,1,52.611481,-1.190662,1,standard
D031,Harry Johnson,LE8 6HL,1,52.577461,-1.177327,4,standard
D032,Ethan Rahman,B1 3LS,1,52.483873,-1.91263,3,standard
D033,Oliver Thomas,LE9 8JH,1,52.582706,-1.358466,4,standard
D034,Mia Morris,B7 4NP,1,52.490879,-1.875061,3,express
D035,Sophia Iqbal,B4 7FN,1,52.487435,-1.892933,1,standard
D036,Charlotte Taylor,CV4 8LN,1,52.394533,-1.596624,4,standard
D037,Lucas Roberts,LE2 9DS,5,52.587317,-1.171269,4,standard
D038,Harry Evans,B15 3NX,1,52.468066,-1.936213,2,standard
D039,Charlotte Walker,NG1 4BA,1,52.957094,-1.149517,5,standard
D040,Mohammed Iqbal,B12 0NH,1,52.473472,-1.882132,2,standard
D041,Fatima Sharma,LE19 2JQ,1,52.568351,-1.196589,2,standard
D042,James Patel,CV6 4FX,1,52.443853,-1.515111,2,express
D043,Mia Nwosu,B8 2UG,1,52.489152,-1.824565,1,express
D044,Zara Osei,NG7 4FN,1,52.959629,-1.164815,5,standard
D045,Daniel Rahman,LE8 4BS,1,52.56403,-1.161999,4,express
D046,Ethan Ahmed,LE2 7NE,1,52.612159,-1.136433,2,standard
D047,Tyler Shah,NG10 5GT,1,52.920775,-1.298159,1,express
D048,Fatima Jones,CV5 6NP,1,52.40091,-1.52462,5,express
D049,Emily Hill,LE19 2DW,1,52.574496,-1.201199,2,standard
D050,Lucas Brown,NG11 9HH,1,52.897676,-1.189835,4,standard
D051,Aaron Osei,LE18 3YP,1,52.585119,-1.101555,4,express
D052,Leon Kowalski,B1 2HT,1,52.476322,-1.913425,5,express
D053,Tyler Jones,CV2 3GZ,1,52.419741,-1.480997,4,express
D054,Noah Shah,B14 4EE,1,52.41722,-1.864033,2,standard
D055,Aaron Shah,B9 4EH,1,52.476775,-1.876573,5,express
D056,Ravi Ahmed,NG5 8LR,1,53.007566,-1.139046,3,express
D057,Mohammed Rahman,B10 0LL,1,52.468427,-1.855619,3,standard
D058,Noah Davis,B6 6NS,1,52.511047,-1.887336,3,standard
D059,Liam Brown,NG11 7AE,1,52.933116,-1.155417,2,express
D060,Daniel Brown,CV5 9NS,1,52.417367,-1.556025,2,standard
D061,Zara Thomas,LE9 4LY,1,52.549644,-1.28369,3,express
D062,Zara Patel,NG8 3FJ,1,52.964456,-1.202643,2,express
D063,Ethan Osei,NG6 0EP,1,52.989426,-1.178675,5,standard
D064,Yasmin Osei,NG5 5DG,1,53.012952,-1.177498,5,express
D065,Isabella Smith,B16 9EB,1,52.477865,-1.934741,3,standard
D066,Aaron Ali,B1 2UH,1,52.483987,-1.920272,4,standard
D067,Isabella Ahmed,CV6 2HW,1,52.442264,-1.524381,3,express
D068,Isabella Smith,NG6 0HG,1,52.978268,-1.183534,4,standard
D069,Aisha Hussain,CV8 2TB,1,52.343028,-1.556548,4,standard
D070,Leon Roberts,LE5 5BS,1,52.629525,-1.104547,2,standard
D071,Simran Ali,NG10 3JG,1,52.887725,-1.297383,5,standard
D072,Mohammed Begum,LE4 8BE,1,52.681325,-1.097365,4,standard
D073,Yasmin Roberts,CV5 8BW,1,52.411308,-1.52836,2,standard
D074,Noah Ali,B6 7EE,1,52.510722,-1.876743,3,standard
D075,Lucas Davis,CV5 8HT,1,52.416269,-1.541584,3,express
D076,Noah Shah,LE7 2AW,1,52.693863,-1.067855,4,standard
D077,Leon Khan,NG15 7NN,1,53.030831,-1.206504,4,standard
D078,Chloe Hill,CV5 7BQ,1,52.414118,-1.577186,1,standard
D079,Fatima Begum,NG15 7LJ,1,53.029731,-1.204586,1,standard
D080,Aaron Smith,B20 3PY,1,52.50864,-1.9118,2,standard
D081,Leon Smith,B5 5SU,1,52.475472,-1.885748,5,standard
D082,Fatima Brown,B15 3AZ,1,52.467594,-1.94556,4,standard
D083,George Taylor,NG8 5DG,1,52.980405,-1.194962,4,standard
D084,Aaron Singh,CV4 7BX,1,52.388265,-1.546443,2,standard
D085,Aaron Iqbal,NG7 2GA,1,52.949163,-1.182504,2,standard
D086,Sarah Morris,NG17 3NE,1,53.141489,-1.284614,1,standard
D087,George Hussain,CV4 9WG,1,52.410431,-1.600405,4,express
D088,Daniel Taylor,B13 8LN,1,52.444491,-1.893949,1,standard
D089,Sarah Rahman,B6 6SB,1,52.50854,-1.880064,3,standard
D090,Nadia Morris,B8 3QS,1,52.49405,-1.849659,1,standard
D091,Sophia Thomas,NG6 8GP,1,53.005485,-1.196329,3,standard
D092,Harry Begum,NG7 6HS,1,52.970248,-1.165206,3,standard
D093,Yasmin Thomas,B24 8JP,1,52.511758,-1.834848,4,standard
D094,Zara Singh,B75 6EL,1,52.577906,-1.804598,4,standard
D095,Zara Jones,LE8 5RG,1,52.552116,-1.136667,5,standard
D096,Mia Sharma,LE3 8DD,1,52.648223,-1.20116,5,express
D097,Lucas Thomas,CV10 7EX,1,52.517219,-1.480572,5,standard
D098,Aiden Nwosu,NG2 4DE,1,52.949973,-1.123371,2,standard
D099,Noah Osei,NG3 5GR,1,52.991933,-1.109651,4,standard
D100,Aaron Roberts,B12 0BA,1,52.47251,-1.881752,5,express
D101,Aiden Smith,LE7 1NF,1,52.692009,-1.089585,4,standard
D102,Priya Evans,B2 2PL,1,52.495968,-1.894209,2,standard
D103,Nadia Wilson,B1 2DS,1,52.477714,-1.910728,3,standard
D104,Tyler Clarke,B17 0BX,1,52.456118,-1.95539,3,standard
D105,Harry Taylor,CV1 5LZ,1,52.413508,-1.501212,1,standard
D106,Chloe Thomas,LE3 3JS,1,52.624994,-1.212189,4,standard
D107,Daniel Evans,CV11 6JY,1,52.524228,-1.459721,4,express
D108,Nadia Smith,CV5 9GG,1,52.426015,-1.568145,1,standard
D109,Fatima Ali,B3 2PY,1,52.495968,-1.894209,2,standard
D110,Aisha Morris,CV10 7HW,1,52.511765,-1.487459,3,express
D111,Sophia Walker,CV6 2LQ,1,52.434348,-1.523422,3,express
D112,Chloe Hill,B15 3JB,1,52.465198,-1.935981,3,standard
D113,Daniel Roberts,NG3 4PN,1,52.96492,-1.140266,3,standard
D114,Noah Ahmed,B14 7QE,1,52.430748,-1.897202,1,standard
D115,Aiden Williams,LE1 6NB,1,52.631652,-1.127007,5,standard
D116,Oliver Taylor,CV4 9JF,1,52.398887,-1.57933,4,standard
D117,Chloe Morris,B21 9BN,1,52.50216,-1.927796,5,standard
D118,Sarah Iqbal,NG1 7AQ,1,52.951288,-1.149675,2,standard
D119,Fatima Singh,B23 6GD,1,52.522419,-1.854204,2,standard
D120,James Rahman,LE10 3JJ,1,52.51898,-1.370918,5,standard
D121,Noah Patel,CV1 3BJ,1,52.406573,-1.524574,1,standard
D122,Daniel Brown,B23 5FG,1,52.538761,-1.868377,4,standard
D123,Yasmin Smith,NG8 5NL,1,52.980562,-1.204924,5,standard
D124,Isabella Evans,NG2 9SN,1,52.938398,-1.134899,4,standard
D125,Priya Patel,B11 3AP,1,52.447832,-1.857039,3,express
D126,Sarah Iqbal,NG5 8UB,1,53.015088,-1.12651,1,express
D127,Isabella Khan,LE1 1DN,1,52.632573,-1.127476,5,standard
D128,Liam Brown,CV7 7LB,1,52.43007,-1.641159,5,standard
D129,Mohammed Ahmed,B74 4TA,1,52.588739,-1.854736,1,express
D130,Mia Clarke,LE5 4HJ,1,52.6323,-1.095935,5,standard
D131,Aaron Walker,CV10 8BN,1,52.521387,-1.488069,4,express
D132,Simran Roberts,B8 1HQ,1,52.486948,-1.857194,3,express
D133,Charlotte Morris,CV3 3DW,1,52.388015,-1.456977,5,standard
D134,Mia Kaur,NG16 3SB,1,53.020119,-1.318703,1,standard
D135,Ravi Taylor,LE5 9NQ,1,52.61293,-1.194904,3,standard
D136,Priya Ahmed,NG16 3PS,1,53.019393,-1.29136,2,standard
D137,Priya Smith,LE19 4EN,1,52.610271,-1.226128,4,express
D138,Daniel Clarke,LE6 0XD,1,52.645696,-1.236544,4,standard
D139,Emily Ahmed,B73 6PY,1,52.555338,-1.859521,3,standard
D140,Daniel Nwosu,LE8 8DG,1,52.527535,-1.040671,4,standard
D141,Aisha Ahmed,NG2 6GP,1,52.922585,-1.112828,3,standard
D142,Zara Williams,NG2 1PF,1,52.940029,-1.155446,5,standard
D143,Ravi Brown,B90 4BB,1,52.396993,-1.816992,3,standard
D144,Mohammed Patel,NG7 7LW,1,52.972318,-1.165538,2,standard
D145,Mia Kaur,CV4 8LS,1,52.395684,-1.556463,5,standard
D146,Lucas Williams,B12 8TG,1,52.458981,-1.882288,4,standard
D147,Daniel Ali,NG15 7BJ,1,53.040181,-1.202634,3,express
D148,Lucas Khan,NG9 8PD,1,52.936311,-1.270159,5,standard
D149,Tyler Thomas,CV4 8YU,1,52.381739,-1.4608,3,standard
D150,James Khan,B6 5BP,1,52.499919,-1.889309,2,standard
D151,Aaron Hussain,B11 4AR,1,52.449196,-1.861994,3,standard
D152,Aaron Shah,B16 6NR,1,52.473385,-1.930287,2,express
D153,Harry Begum,B13 9YX,1,52.441863,-1.872726,4,standard
D154,Priya Morris,CV13 6LJ,1,52.607033,-1.47762,4,express
D155,Mohammed Evans,NG17 4PJ,1,53.136462,-1.228179,3,express
D156,Aiden Davis,NG17 4LP,1,53.126996,-1.246297,1,standard
D157,Aiden Thomas,LE7 7NA,1,52.708806,-1.125987,4,standard
D158,Aisha Ali,B2 2BE,1,52.495968,-1.894209,5,standard
D159,Lucas Khan,LE1 5WR,1,52.629142,-1.135375,3,standard
D160,Aiden Williams,NG10 4HZ,1,52.907749,-1.281611,4,standard
D161,Aisha Nwosu,NG6 9HL,1,53.000617,-1.190339,5,express
D162,Zara Patel,LE2 4QQ,1,52.595076,-1.06967,2,standard
D163,Mia Shah,LE9 7BA,1,52.578086,-1.308934,4,express
D164,Aaron Patel,LE6 0FP,1,52.65733,-1.233902,2,standard
D165,Sophia Brown,NG10 1DA,1,52.892722,-1.276226,3,express
D166,Tyler Rahman,LE8 0PT,1,52.544545,-0.994233,4,standard
D167,James Begum,LE4 8FD,1,52.681087,-1.095536,5,standard
D168,Daniel Jones,CV12 0HL,1,52.470812,-1.503598,3,standard
D169,Sophia Thomas,LE9 7TG,1,52.587533,-1.269774,1,standard
D170,Leon Kowalski,B25 8DT,1,52.463553,-1.834043,1,express
D171,Sarah Begum,NG15 7AT,1,53.038961,-1.204282,2,express
D172,Simran Rahman,CV2 2JA,1,52.418833,-1.443219,3,standard
D173,Zara Iqbal,B73 6PW,1,52.551114,-1.853724,4,express
D174,Fatima Roberts,NG15 8NA,1,53.078473,-1.192926,5,standard
D175,Ethan Taylor,NG3 1JG,1,52.95558,-1.135345,5,standard
D176,Yasmin Khan,B90 2JT,1,52.409541,-1.840624,3,express
D177,Aiden Kowalski,NG6 0EF,1,52.989357,-1.176457,5,standard
D178,Leon Smith,B90 2QP,1,52.401847,-1.842077,3,standard
D179,Leon Morris,B8 2BH,1,52.496335,-1.831327,5,express
D180,Yasmin Brown,NG5 4LX,1,52.990804,-1.122337,4,express
D181,Amelia Davis,LE9 7ND,1,52.575738,-1.318002,5,express
D182,Lucas Kowalski,LE9 7EP,1,52.576765,-1.3153,3,standard
D183,Daniel Ahmed,B14 4JT,1,52.415005,-1.868642,5,express
D184,Fatima Nwosu,B6 4HZ,1,52.49179,-1.896413,4,standard
D185,Aiden Kaur,B12 0NX,1,52.472952,-1.883399,4,express
D186,Ethan Hussain,B9 5QD,1,52.476315,-1.837764,2,express
D187,Emily Brown,B17 9JN,1,52.465279,-1.953894,5,standard
D188,Yasmin Williams,LE4 4ED,1,52.677815,-1.120645,4,standard
D189,Harry Kowalski,LE18 4NJ,1,52.574799,-1.124432,4,standard
D190,Chloe Brown,LE6 0EB,1,52.663059,-1.223319,4,standard
D191,Mohammed Evans,B7 5RX,1,52.499449,-1.861101,3,standard
D192,Mia Rahman,B2 4PY,1,52.478647,-1.897887,4,standard
D193,Yasmin Davis,LE10 9TZ,5,52.535676,-1.376386,5,express
D194,Aiden Begum,NG17 5LF,1,53.114327,-1.223436,4,standard
D195,Mia Khan,NG7 3BS,1,52.958596,-1.176431,2,standard
D196,Fatima Kaur,NG5 1GW,1,52.983535,-1.165307,1,express
D197,Sarah Shah,B18 7LQ,1,52.486622,-1.921313,1,express
D198,Priya Rahman,NG7 7DN,1,52.976725,-1.172319,3,standard
D199,Emily Davis,B12 8UY,1,52.458643,-1.877388,1,standard
D200,Amelia Singh,NG2 6GA,1,52.922757,-1.122671,4,standard
D201,Fatima Walker,CV2 2EY,1,52.423887,-1.445302,4,standard
D202,Priya Jones,B16 8WD,1,52.471434,-1.930805,1,express
D203,Mia Hussain,NG17 1LU,1,53.118656,-1.277088,2,express
D204,Simran Morris,LE18 4ZH,1,52.578985,-1.123994,2,standard
D205,Lucas Begum,B17 0TJ,1,52.446708,-1.96102,3,express
D206,Noah Hussain,LE18 1PJ,1,52.586606,-1.105702,1,express
D207,Tyler Johnson,LE3 6FJ,1,52.639759,-1.171758,5,standard
D208,Mohammed Roberts,LE4 9BA,1,52.651279,-1.096062,3,standard
D209,Ravi Thomas,LE8 4AP,1,52.566518,-1.170524,3,express
D210,Yasmin Johnson,NG15 7FY,1,53.037933,-1.207836,2,express
D211,Yasmin Evans,NG7 2EW,1,52.948025,-1.175278,1,standard
D212,Ethan Morris,B8 3AT,1,52.48743,-1.847134,3,standard
D213,Daniel Johnson,B73 6JG,1,52.556366,-1.83437,1,express
D214,Noah Smith,B92 8JE,1,52.448548,-1.778716,5,standard
D215,Simran Clarke,NG15 6WY,1,53.016455,-1.22257,4,standard
D216,Aaron Sharma,B6 4AH,1,52.496335,-1.882675,2,standard
D217,Fatima Begum,LE6 0LG,1,52.651663,-1.244659,2,standard
D218,Aisha Shah,NG7 6NA,1,52.970737,-1.161802,2,standard
D219,Tyler Begum,B1 1DW,1,52.473112,-1.900918,1,standard
D220,Nadia Roberts,LE1 5BJ,1,52.633903,-1.133597,1,standard
D221,Chloe Brown,B3 1TT,1,52.486682,-1.906203,1,standard
D222,Aiden Kaur,CV4 9GY,1,52.414022,-1.604048,4,standard
D223,Oliver Brown,B14 7RP,1,52.435988,-1.896219,5,standard
D224,Harry Walker,CV4 8FL,1,52.392139,-1.560481,3,standard
D225,Noah Kowalski,B12 0NB,1,52.47333,-1.88381,4,standard
D226,Chloe Nwosu,B73 6BJ,1,52.567209,-1.828767,3,standard
D227,Lucas Khan,NG2 5FF,1,52.938103,-1.132702,2,standard
D228,Yasmin Hussain,NG5 9QL,1,53.015591,-1.162691,4,standard
D229,Mohammed Sharma,CV6 5JB,1,52.435816,-1.499902,4,standard
D230,Noah Hill,NG16 6HN,1,53.094515,-1.314169,1,express
D231,Amelia Hussain,LE5 4LJ,1,52.636205,-1.089264,3,express
D232,Leon Begum,LE6 0BY,1,52.657812,-1.230686,3,standard
D233,Aisha Ahmed,CV5 9JB,1,52.413794,-1.557517,4,standard
D234,Mia Osei,LE5 1HN,1,52.645803,-1.065697,5,standard
D235,Simran Clarke,LE3 3PX,1,52.61937,-1.220857,2,standard
D236,Ravi Iqbal,B91 3NX,1,52.406805,-1.782349,4,standard
D237,Ravi Thomas,B21 9AP,1,52.502275,-1.92454,1,standard
D238,Emily Patel,NG3 5QF,1,52.989078,-1.119914,3,express
D239,Sarah Williams,LE5 6DL,1,52.621424,-1.0809,2,standard
D240,Ethan Roberts,B24 9PS,1,52.517366,-1.809272,3,express
D241,George Kaur,LE19 2AJ,1,52.584559,-1.192397,2,express
D242,Ravi Williams,NG3 2LL,1,52.963951,-1.125754,4,express
D243,Noah Patel,LE8 6XT,1,52.562501,-1.17203,3,standard
D244,Lucas Roberts,LE8 5RF,1,52.55695,-1.135023,2,standard
D245,Sarah Hussain,NG15 5DH,1,53.037954,-1.204345,3,standard
D246,Emily Ali,B7 5DR,1,52.496362,-1.874603,3,standard
D247,Sarah Nwosu,CV13 6JY,1,52.580387,-1.496177,4,standard
D248,Aisha Taylor,NG17 9AE,1,53.083933,-1.247094,5,standard
D249,Emily Sharma,LE1 7RJ,1,52.619327,-1.123367,3,standard
D250,Liam Sharma,LE19 2GP,1,52.570085,-1.216476,5,standard
D251,Mohammed Iqbal,B11 3BY,1,52.448057,-1.84927,5,standard
D252,George Taylor,CV5 6GG,1,52.402707,-1.528893,2,standard
D253,Aaron Brown,CV3 4DA,1,52.385755,-1.476281,5,standard
D254,Noah Nwosu,NG10 5LQ,1,52.918429,-1.29372,2,standard
D255,Sophia Wilson,CV5 7AH,1,52.406042,-1.554508,2,standard
D256,Aisha Nwosu,NG16 2RN,1,52.994652,-1.280471,1,standard
D257,James Singh,CV4 8JB,1,52.389136,-1.572736,2,standard
D258,James Jones,B5 6RG,1,52.47327,-1.896162,3,standard
D259,Liam Kaur,NG3 6BY,1,52.979021,-1.112895,4,standard
D260,Chloe Khan,CV1 4JD,1,52.420235,-1.506165,4,express
D261,Aaron Singh,B15 2DD,1,52.471501,-1.910151,5,standard
D262,Lucas Walker,LE9 6TR,1,52.534062,-1.216601,2,standard
D263,Chloe Sharma,LE3 2RY,1,52.602799,-1.177991,5,standard
D264,Lucas Begum,B15 3TT,1,52.466708,-1.93433,1,standard
D265,Isabella Nwosu,LE18 3SH,1,52.575923,-1.08067,4,express
D266,Aisha Williams,LE9 9NT,1,52.630887,-1.339441,4,express
D267,Mohammed Osei,NG15 8GG,1,53.042529,-1.190822,1,standard
D268,Mia Brown,B23 7SW,1,52.520473,-1.874136,1,standard
D269,Noah Clarke,CV4 9BG,1,52.400006,-1.565445,5,standard
D270,Ethan Clarke,NG3 6BS,1,52.983171,-1.116116,5,standard
D271,Lucas Walker,B5 7DQ,1,52.469782,-1.896583,5,express
D272,Sarah Sharma,LE8 4PD,1,52.576244,-1.172923,1,standard
D273,Zara Roberts,NG6 9GP,1,52.997385,-1.185706,2,express
D274,Aiden Iqbal,B10 9PU,1,52.472141,-1.84913,4,express
D275,Zara Kaur,CV3 5LN,1,52.391718,-1.497518,1,standard
D276,Zara Davis,NG3 6FL,1,52.980516,-1.110779,3,standard
D277,Liam Hussain,B16 0LT,1,52.481395,-1.947104,4,standard
D278,Mohammed Iqbal,CV2 3JD,1,52.422509,-1.478553,1,standard
D279,Zara Williams,LE3 6QZ,1,52.639093,-1.188573,3,standard
D280,Sophia Patel,CV1 2XL,1,52.403521,-1.501589,5,standard
D281,Aisha Williams,LE19 4DX,1,52.61047,-1.220852,4,standard
D282,Yasmin Hussain,NG5 5JR,1,52.997365,-1.161986,4,standard
D283,Charlotte Clarke,CV4 9FW,1,52.407024,-1.572079,3,standard
D284,Sarah Morris,CV11 9FD,1,52.522758,-1.464633,5,standard
D285,Liam Hussain,LE10 9HH,1,52.539777,-1.373113,4,standard
D286,Yasmin Williams,NG2 7RD,1,52.931505,-1.141344,3,standard
D287,Sarah Shah,CV6 6NZ,1,52.451879,-1.488772,3,standard
D288,Nadia Thomas,CV3 2RS,1,52.405817,-1.441648,5,standard
D289,Mia Kowalski,NG11 8LQ,1,52.901897,-1.173566,3,standard
D290,Priya Wilson,B3 1UD,1,52.487061,-1.907646,3,standard
D291,Amelia Smith,NG10 3AZ,1,52.883182,-1.310712,2,standard
D292,George Hussain,CV4 9UD,1,52.401526,-1.598824,4,standard
D293,Liam Kaur,B23 6AE,1,52.519394,-1.851031,1,standard
D294,Chloe Walker,B74 4NS,1,52.592963,-1.853836,2,express
D295,Zara Roberts,CV1 4DR,1,52.412974,-1.513479,3,standard
D296,Amelia Johnson,LE4 7ZJ,1,52.661268,-1.100912,3,standard
D297,Tyler Patel,LE8 8AP,1,52.53468,-1.048197,2,standard
D298,Aaron Clarke,B12 9NQ,1,52.457216,-1.898319,1,standard
D299,Noah Roberts,CV1 4GN,1,52.417596,-1.507003,4,express
D300,Mia Roberts,LE2 5UA,1,52.592068,-1.080407,4,standard
