van,stop_order,delivery_id,customer_name,postcode,latitude,longitude,demand,priority,dist_from_prev_km,route_km_so_far
0,0,DEPOT,DPD Hinckley Depot,LE10 3BQ,52.527037,-1.390319,0,depot,0.0,0.0
0,1,D107,Daniel Evans,CV11 6JY,52.524228,-1.459721,4,express,4.7055,4.7055
0,2,D284,Sarah Morris,CV11 9FD,52.522758,-1.464633,5,standard,0.3703,5.0759
0,3,D097,Lucas Thomas,CV10 7EX,52.517219,-1.480572,5,standard,1.2419,6.3178
0,4,D131,Aaron Walker,CV10 8BN,52.521387,-1.488069,4,express,0.6871,7.0049
0,5,D001,James Davis,CV10 7RY,52.51825,-1.496623,2,standard,0.6758,7.6807
0,6,D110,Aisha Morris,CV10 7HW,52.511765,-1.487459,3,express,0.9511,8.6317
0,7,D247,Sarah Nwosu,CV13 6JY,52.580387,-1.496177,4,standard,7.6532,16.2849
0,8,D154,Priya Morris,CV13 6LJ,52.607033,-1.47762,4,express,3.2171,19.502
0,9,DEPOT,DPD Hinckley Depot,LE10 3BQ,52.527037,-1.390319,0,depot,10.6742,30.1763
1,0,DEPOT,DPD Hinckley Depot,LE10 3BQ,52.527037,-1.390319,0,depot,0.0,0.0
1,1,D046,Ethan Ahmed,LE2 7NE,52.612159,-1.136433,2,standard,19.5961,19.5961
1,2,D249,Emily Sharma,LE1 7RJ,52.619327,-1.123367,3,standard,1.1889,20.785
1,3,D002,Priya Kaur,LE2 0LF,52.630734,-1.123213,4,express,1.2684,22.0534
1,4,D115,Aiden Williams,LE1 6NB,52.631652,-1.127007,5,standard,0.2757,22.3291
1,5,D127,Isabella Khan,LE1 1DN,52.632573,-1.127476,5,standard,0.1072,22.4362
1,6,D220,Nadia Roberts,LE1 5BJ,52.633903,-1.133597,1,standard,0.4388,22.875
1,7,D159,Lucas Khan,LE1 5WR,52.629142,-1.135375,3,standard,0.5428,23.4178
1,8,D011,Yasmin Jones,LE3 5QA,52.633413,-1.151515,2,express,1.1883,24.6061
1,9,D070,Leon Roberts,LE5 5BS,52.629525,-1.104547,2,standard,3.1992,27.8053
1,10,D130,Mia Clarke,LE5 4HJ,52.6323,-1.095935,5,standard,0.658,28.4633
1,11,D231,Amelia Hussain,LE5 4LJ,52.636205,-1.089264,3,express,0.6255,29.0888
1,12,D208,Mohammed Roberts,LE4 9BA,52.651279,-1.096062,3,standard,1.7378,30.8266
1,13,D234,Mia Osei,LE5 1HN,52.645803,-1.065697,5,standard,2.1371,32.9636
1,14,D239,Sarah Williams,LE5 6DL,52.621424,-1.0809,2,standard,2.8985,35.8621
1,15,DEPOT,DPD Hinckley Depot,LE10 3BQ,52.527037,-1.390319,0,depot,23.3957,59.2579
2,0,DEPOT,DPD Hinckley Depot,LE10 3BQ,52.527037,-1.390319,0,depot,0.0,0.0
2,1,D010,Mia Kaur,LE4 3JD,52.680981,-1.136808,2,standard,24.2096,24.2096
2,2,D188,Yasmin Williams,LE4 4ED,52.677815,-1.120645,4,standard,1.1451,25.3547
2,3,D072,Mohammed Begum,LE4 8BE,52.681325,-1.097365,4,standard,1.6172,26.9719
2,4,D167,James Begum,LE4 8FD,52.681087,-1.095536,5,standard,0.1261,27.098
2,5,D101,Aiden Smith,LE7 1NF,52.692009,-1.089585,4,standard,1.279,28.377
2,6,D076,Noah Shah,LE7 2AW,52.693863,-1.067855,4,standard,1.4789,29.8559
2,7,D296,Amelia Johnson,LE4 7ZJ,52.661268,-1.100912,3,standard,4.2548,34.1107
2,8,D157,Aiden Thomas,LE7 7NA,52.708806,-1.125987,4,standard,5.5496,39.6603
2,9,D008,Oliver Hussain,LE7 7QY,52.711719,-1.138319,2,standard,0.8917,40.552
2,10,DEPOT,DPD Hinckley Depot,LE10 3BQ,52.527037,-1.390319,0,depot,26.6667,67.2188
3,0,DEPOT,DPD Hinckley Depot,LE10 3BQ,52.527037,-1.390319,0,depot,0.0,0.0
3,1,D168,Daniel Jones,CV12 0HL,52.470812,-1.503598,3,standard,9.8938,9.8938
3,2,D287,Sarah Shah,CV6 6NZ,52.451879,-1.488772,3,standard,2.3326,12.2264
3,3,D229,Mohammed Sharma,CV6 5JB,52.435816,-1.499902,4,standard,1.9389,14.1653
3,4,D042,James Patel,CV6 4FX,52.443853,-1.515111,2,express,1.3644,15.5297
3,5,D067,Isabella Ahmed,CV6 2HW,52.442264,-1.524381,3,express,0.6527,16.1823
3,6,D111,Sophia Walker,CV6 2LQ,52.434348,-1.523422,3,express,0.8826,17.065
3,7,D260,Chloe Khan,CV1 4JD,52.420235,-1.506165,4,express,1.9575,19.0225
3,8,D299,Noah Roberts,CV1 4GN,52.417596,-1.507003,4,express,0.2989,19.3213
3,9,D105,Harry Taylor,CV1 5LZ,52.413508,-1.501212,1,standard,0.6007,19.9221
3,10,D295,Zara Roberts,CV1 4DR,52.412974,-1.513479,3,standard,0.8341,20.7562
3,11,D003,Sophia Smith,CV1 4GZ,52.409802,-1.516057,1,standard,0.3937,21.1499
3,12,D121,Noah Patel,CV1 3BJ,52.406573,-1.524574,1,standard,0.6802,21.8301
3,13,D252,George Taylor,CV5 6GG,52.402707,-1.528893,2,standard,0.5202,22.3503
3,14,D048,Fatima Jones,CV5 6NP,52.40091,-1.52462,5,express,0.3521,22.7024
3,15,D073,Yasmin Roberts,CV5 8BW,52.411308,-1.52836,2,standard,1.1837,23.8861
3,16,D280,Sophia Patel,CV1 2XL,52.403521,-1.501589,5,standard,2.0118,25.898
3,17,D275,Zara Kaur,CV3 5LN,52.391718,-1.497518,1,standard,1.3412,27.2391
3,18,D021,Aisha Iqbal,CV2 4PY,52.414214,-1.487472,5,standard,2.5926,29.8318
3,19,DEPOT,DPD Hinckley Depot,LE10 3BQ,52.527037,-1.390319,0,depot,14.1666,43.9984
4,0,DEPOT,DPD Hinckley Depot,LE10 3BQ,52.527037,-1.390319,0,depot,0.0,0.0
4,1,D201,Fatima Walker,CV2 2EY,52.423887,-1.445302,4,standard,12.0591,12.0591
4,2,D026,Ethan Osei,CV2 3AZ,52.423348,-1.451368,5,standard,0.4157,12.4748
4,3,D172,Simran Rahman,CV2 2JA,52.418833,-1.443219,3,standard,0.7466,13.2214
4,4,D288,Nadia Thomas,CV3 2RS,52.405817,-1.441648,5,standard,1.4512,14.6727
4,5,D133,Charlotte Morris,CV3 3DW,52.388015,-1.456977,5,standard,2.2361,16.9088
4,6,D149,Tyler Thomas,CV4 8YU,52.381739,-1.4608,3,standard,0.7445,17.6533
4,7,D253,Aaron Brown,CV3 4DA,52.385755,-1.476281,5,standard,1.1417,18.7949
4,8,D053,Tyler Jones,CV2 3GZ,52.419741,-1.480997,4,express,3.7926,22.5875
4,9,D278,Mohammed Iqbal,CV2 3JD,52.422509,-1.478553,1,standard,0.3496,22.9371
4,10,DEPOT,DPD Hinckley Depot,LE10 3BQ,52.527037,-1.390319,0,depot,13.0693,36.0064
5,0,DEPOT,DPD Hinckley Depot,LE10 3BQ,52.527037,-1.390319,0,depot,0.0,0.0
5,1,D062,Zara Patel,NG8 3FJ,52.964456,-1.202643,2,express,50.2525,50.2525
5,2,D123,Yasmin Smith,NG8 5NL,52.980562,-1.204924,5,standard,1.7974,52.0499
5,3,D083,George Taylor,NG8 5DG,52.980405,-1.194962,4,standard,0.6672,52.7171
5,4,D068,Isabella Smith,NG6 0HG,52.978268,-1.183534,4,standard,0.8012,53.5183
5,5,D063,Ethan Osei,NG6 0EP,52.989426,-1.178675,5,standard,1.2826,54.8009
5,6,D177,Aiden Kowalski,NG6 0EF,52.989357,-1.176457,5,standard,0.1487,54.9496
5,7,D273,Zara Roberts,NG6 9GP,52.997385,-1.185706,2,express,1.0863,56.0359
5,8,D004,Tyler Rahman,NG6 9FT,52.999647,-1.183861,2,standard,0.2802,56.3161
5,9,D161,Aisha Nwosu,NG6 9HL,53.000617,-1.190339,5,express,0.4467,56.7628
5,10,D019,Aiden Wilson,NG6 8SP,52.999878,-1.199383,1,standard,0.6108,57.3735
5,11,D091,Sophia Thomas,NG6 8GP,53.005485,-1.196329,3,standard,0.6561,58.0296
5,12,D064,Yasmin Osei,NG5 5DG,53.012952,-1.177498,5,express,1.5089,59.5385
5,13,D228,Yasmin Hussain,NG5 9QL,53.015591,-1.162691,4,standard,1.0331,60.5716
5,14,D017,Charlotte Iqbal,NG8 6QH,52.980663,-1.228545,2,standard,5.8742,66.4458
5,15,DEPOT,DPD Hinckley Depot,LE10 3BQ,52.527037,-1.390319,0,depot,51.6025,118.0483
6,0,DEPOT,DPD Hinckley Depot,LE10 3BQ,52.527037,-1.390319,0,depot,0.0,0.0
6,1,D215,Simran Clarke,NG15 6WY,53.016455,-1.22257,4,standard,55.5785,55.5785
6,2,D079,Fatima Begum,NG15 7LJ,53.029731,-1.204586,1,standard,1.9042,57.4827
6,3,D077,Leon Khan,NG15 7NN,53.030831,-1.206504,4,standard,0.1772,57.6599
6,4,D210,Yasmin Johnson,NG15 7FY,53.037933,-1.207836,2,express,0.7947,58.4546
6,5,D245,Sarah Hussain,NG15 5DH,53.037954,-1.204345,3,standard,0.2334,58.688
6,6,D171,Sarah Begum,NG15 7AT,53.038961,-1.204282,2,express,0.1121,58.8001
6,7,D147,Daniel Ali,NG15 7BJ,53.040181,-1.202634,3,express,0.1748,58.9749
6,8,D267,Mohammed Osei,NG15 8GG,53.042529,-1.190822,1,standard,0.8317,59.8066
6,9,D174,Fatima Roberts,NG15 8NA,53.078473,-1.192926,5,standard,3.9993,63.8058
6,10,DEPOT,DPD Hinckley Depot,LE10 3BQ,52.527037,-1.390319,0,depot,62.7362,126.5421
7,0,DEPOT,DPD Hinckley Depot,LE10 3BQ,52.527037,-1.390319,0,depot,0.0,0.0
7,1,D256,Aisha Nwosu,NG16 2RN,52.994652,-1.280471,1,standard,52.5191,52.5191
7,2,D028,Harry Kowalski,NG16 2DL,53.011964,-1.281868,5,standard,1.9273,54.4464
7,3,D136,Priya Ahmed,NG16 3PS,53.019393,-1.29136,2,standard,1.0419,55.4883
7,4,D013,Nadia Hussain,NG16 1HD,53.004473,-1.246391,2,standard,3.4356,58.9239
7,5,DEPOT,DPD Hinckley Depot,LE10 3BQ,52.527037,-1.390319,0,depot,53.9644,112.8883
8,0,DEPOT,DPD Hinckley Depot,LE10 3BQ,52.527037,-1.390319,0,depot,0.0,0.0
8,1,D134,Mia Kaur,NG16 3SB,53.020119,-1.318703,1,standard,55.0395,55.0395
8,2,D230,Noah Hill,NG16 6HN,53.094515,-1.314169,1,express,8.278,63.3175
8,3,D005,Leon Singh,NG17 8JA,53.106098,-1.266693,5,standard,3.4213,66.7388
8,4,D203,Mia Hussain,NG17 1LU,53.118656,-1.277088,2,express,1.5593,68.298
8,5,D156,Aiden Davis,NG17 4LP,53.126996,-1.246297,1,standard,2.2542,70.5523
8,6,D155,Mohammed Evans,NG17 4PJ,53.136462,-1.228179,3,express,1.6028,72.1551
8,7,D194,Aiden Begum,NG17 5LF,53.114327,-1.223436,4,standard,2.4816,74.6366
8,8,D248,Aisha Taylor,NG17 9AE,53.083933,-1.247094,5,standard,3.7305,78.3672
8,9,D086,Sarah Morris,NG17 3NE,53.141489,-1.284614,1,standard,6.8724,85.2396
8,10,DEPOT,DPD Hinckley Depot,LE10 3BQ,52.527037,-1.390319,0,depot,68.6919,153.9315
9,0,DEPOT,DPD Hinckley Depot,LE10 3BQ,52.527037,-1.390319,0,depot,0.0,0.0
9,1,D085,Aaron Iqbal,NG7 2GA,52.949163,-1.182504,2,standard,48.979,48.979
9,2,D211,Yasmin Evans,NG7 2EW,52.948025,-1.175278,1,standard,0.5004,49.4794
9,3,D195,Mia Khan,NG7 3BS,52.958596,-1.176431,2,standard,1.178,50.6574
9,4,D044,Zara Osei,NG7 4FN,52.959629,-1.164815,5,standard,0.7865,51.4439
9,5,D039,Charlotte Walker,NG1 4BA,52.957094,-1.149517,5,standard,1.0628,52.5066
9,6,D023,George Wilson,NG3 3GG,52.962324,-1.136804,1,standard,1.0312,53.5378
9,7,D113,Daniel Roberts,NG3 4PN,52.96492,-1.140266,3,standard,0.3703,53.9081
9,8,D218,Aisha Shah,NG7 6NA,52.970737,-1.161802,2,standard,1.5806,55.4887
9,9,D092,Harry Begum,NG7 6HS,52.970248,-1.165206,3,standard,0.2343,55.723
9,10,D144,Mohammed Patel,NG7 7LW,52.972318,-1.165538,2,standard,0.2312,55.9543
9,11,D198,Priya Rahman,NG7 7DN,52.976725,-1.172319,3,standard,0.6681,56.6223
9,12,D196,Fatima Kaur,NG5 1GW,52.983535,-1.165307,1,express,0.891,57.5133
9,13,D006,Zara Brown,NG7 5PJ,52.96816,-1.180314,1,standard,1.983,59.4963
9,14,DEPOT,DPD Hinckley Depot,LE10 3BQ,52.527037,-1.390319,0,depot,51.0467,110.543
10,0,DEPOT,DPD Hinckley Depot,LE10 3BQ,52.527037,-1.390319,0,depot,0.0,0.0
10,1,D050,Lucas Brown,NG11 9HH,52.897676,-1.189835,4,standard,43.3695,43.3695
10,2,D289,Mia Kowalski,NG11 8LQ,52.901897,-1.173566,3,standard,1.1879,44.5574
10,3,D014,Priya Sharma,NG11 7AU,52.926312,-1.158197,1,express,2.9038,47.4613
10,4,D059,Liam Brown,NG11 7AE,52.933116,-1.155417,2,express,0.7792,48.2404
10,5,D142,Zara Williams,NG2 1PF,52.940029,-1.155446,5,standard,0.7687,49.0091
10,6,D118,Sarah Iqbal,NG1 7AQ,52.951288,-1.149675,2,standard,1.3103,50.3194
10,7,D175,Ethan Taylor,NG3 1JG,52.95558,-1.135345,5,standard,1.0721,51.3915
10,8,D098,Aiden Nwosu,NG2 4DE,52.949973,-1.123371,2,standard,1.016,52.4074
10,9,D027,Noah Patel,NG2 3LY,52.947361,-1.122665,4,standard,0.2943,52.7017
10,10,D227,Lucas Khan,NG2 5FF,52.938103,-1.132702,2,standard,1.2297,53.9314
10,11,D124,Isabella Evans,NG2 9SN,52.938398,-1.134899,4,standard,0.1508,54.0822
10,12,D286,Yasmin Williams,NG2 7RD,52.931505,-1.141344,3,standard,0.8798,54.962
10,13,D200,Amelia Singh,NG2 6GA,52.922757,-1.122671,4,standard,1.5852,56.5472
10,14,D141,Aisha Ahmed,NG2 6GP,52.922585,-1.112828,3,standard,0.6601,57.2074
10,15,DEPOT,DPD Hinckley Depot,LE10 3BQ,52.527037,-1.390319,0,depot,47.7882,104.9956
11,0,DEPOT,DPD Hinckley Depot,LE10 3BQ,52.527037,-1.390319,0,depot,0.0,0.0
11,1,D242,Ravi Williams,NG3 2LL,52.963951,-1.125754,4,express,51.7437,51.7437
11,2,D259,Liam Kaur,NG3 6BY,52.979021,-1.112895,4,standard,1.884,53.6277
11,3,D276,Zara Davis,NG3 6FL,52.980516,-1.110779,3,standard,0.2184,53.8461
11,4,D270,Ethan Clarke,NG3 6BS,52.983171,-1.116116,5,standard,0.4635,54.3095
11,5,D238,Emily Patel,NG3 5QF,52.989078,-1.119914,3,express,0.7043,55.0139
11,6,D180,Yasmin Brown,NG5 4LX,52.990804,-1.122337,4,express,0.2513,55.2651
11,7,D099,Noah Osei,NG3 5GR,52.991933,-1.109651,4,standard,0.8583,56.1235
11,8,D056,Ravi Ahmed,NG5 8LR,53.007566,-1.139046,3,express,2.6251,58.7486
11,9,D126,Sarah Iqbal,NG5 8UB,53.015088,-1.12651,1,express,1.1845,59.933
11,10,D282,Yasmin Hussain,NG5 5JR,52.997365,-1.161986,4,standard,3.0851,63.0182
11,11,DEPOT,DPD Hinckley Depot,LE10 3BQ,52.527037,-1.390319,0,depot,54.5081,117.5262
12,0,DEPOT,DPD Hinckley Depot,LE10 3BQ,52.527037,-1.390319,0,depot,0.0,0.0
12,1,D262,Lucas Walker,LE9 6TR,52.534062,-1.216601,2,standard,11.7769,11.7769
12,2,D250,Liam Sharma,LE19 2GP,52.570085,-1.216476,5,standard,4.0056,15.7825
12,3,D007,Amelia Osei,LE19 2GB,52.571687,-1.209999,1,standard,0.4726,16.2551
12,4,D049,Emily Hill,LE19 2DW,52.574496,-1.201199,2,standard,0.6717,16.9268
12,5,D041,Fatima Sharma,LE19 2JQ,52.568351,-1.196589,2,standard,0.751,17.6778
12,6,D031,Harry Johnson,LE8 6HL,52.577461,-1.177327,4,standard,1.6494,19.3272
12,7,D272,Sarah Sharma,LE8 4PD,52.576244,-1.172923,1,standard,0.3269,19.6541
12,8,D209,Ravi Thomas,LE8 4AP,52.566518,-1.170524,3,express,1.0936,20.7477
12,9,D243,Noah Patel,LE8 6XT,52.562501,-1.17203,3,standard,0.4581,21.2058
12,10,D045,Daniel Rahman,LE8 4BS,52.56403,-1.161999,4,express,0.699,21.9048
12,11,D244,Lucas Roberts,LE8 5RF,52.55695,-1.135023,2,standard,1.9862,23.8911
12,12,D095,Zara Jones,LE8 5RG,52.552116,-1.136667,5,standard,0.5489,24.4399
12,13,D189,Harry Kowalski,LE18 4NJ,52.574799,-1.124432,4,standard,2.6544,27.0943
12,14,D204,Simran Morris,LE18 4ZH,52.578985,-1.123994,2,standard,0.4664,27.5607
12,15,D016,Oliver Iqbal,LE2 9LT,52.58993,-1.156871,4,standard,2.5328,30.0935
12,16,D037,Lucas Roberts,LE2 9DS,52.587317,-1.171269,4,standard,1.0151,31.1086
12,17,D241,George Kaur,LE19 2AJ,52.584559,-1.192397,2,express,1.46,32.5685
12,18,D263,Chloe Sharma,LE3 2RY,52.602799,-1.177991,5,standard,2.2495,34.8181
12,19,DEPOT,DPD Hinckley Depot,LE10 3BQ,52.527037,-1.390319,0,depot,16.6414,51.4595
13,0,DEPOT,DPD Hinckley Depot,LE10 3BQ,52.527037,-1.390319,0,depot,0.0,0.0
13,1,D055,Aaron Shah,B9 4EH,52.476775,-1.876573,5,express,33.3847,33.3847
13,2,D040,Mohammed Iqbal,B12 0NH,52.473472,-1.882132,2,standard,0.526,33.9107
13,3,D185,Aiden Kaur,B12 0NX,52.472952,-1.883399,4,express,0.1035,34.0142
13,4,D225,Noah Kowalski,B12 0NB,52.47333,-1.88381,4,standard,0.0504,34.0646
13,5,D100,Aaron Roberts,B12 0BA,52.47251,-1.881752,5,express,0.1666,34.2312
13,6,D081,Leon Smith,B5 5SU,52.475472,-1.885748,5,standard,0.4263,34.6575
13,7,D009,Amelia Shah,B12 0TS,52.468989,-1.885161,5,express,0.722,35.3795
13,8,D271,Lucas Walker,B5 7DQ,52.469782,-1.896583,5,express,0.7787,36.1582
13,9,D258,James Jones,B5 6RG,52.47327,-1.896162,3,standard,0.3889,36.5471
13,10,D219,Tyler Begum,B1 1DW,52.473112,-1.900918,1,standard,0.3226,36.8697
13,11,D261,Aaron Singh,B15 2DD,52.471501,-1.910151,5,standard,0.6505,37.5202
13,12,D298,Aaron Clarke,B12 9NQ,52.457216,-1.898319,1,standard,1.7792,39.2994
13,13,D024,Mia Thomas,B12 9PW,52.455872,-1.893362,3,standard,0.3676,39.6671
13,14,D146,Lucas Williams,B12 8TG,52.458981,-1.882288,4,standard,0.8261,40.4932
13,15,D199,Emily Davis,B12 8UY,52.458643,-1.877388,1,standard,0.3341,40.8273
13,16,D088,Daniel Taylor,B13 8LN,52.444491,-1.893949,1,standard,1.9328,42.7601
13,17,D223,Oliver Brown,B14 7RP,52.435988,-1.896219,5,standard,0.9579,43.7181
13,18,D114,Noah Ahmed,B14 7QE,52.430748,-1.897202,1,standard,0.5865,44.3045
13,19,DEPOT,DPD Hinckley Depot,LE10 3BQ,52.527037,-1.390319,0,depot,35.9589,80.2634
14,0,DEPOT,DPD Hinckley Depot,LE10 3BQ,52.527037,-1.390319,0,depot,0.0,0.0
14,1,D192,Mia Rahman,B2 4PY,52.478647,-1.897887,4,standard,34.7744,34.7744
14,2,D025,Zara Clarke,B3 1BA,52.483265,-1.904841,5,standard,0.6967,35.4711
14,3,D221,Chloe Brown,B3 1TT,52.486682,-1.906203,1,standard,0.391,35.8621
14,4,D290,Priya Wilson,B3 1UD,52.487061,-1.907646,3,standard,0.1064,35.9685
14,5,D020,Amelia Begum,B18 6AQ,52.488859,-1.907141,5,express,0.2028,36.1714
14,6,D032,Ethan Rahman,B1 3LS,52.483873,-1.91263,3,standard,0.6675,36.8388
14,7,D066,Aaron Ali,B1 2UH,52.483987,-1.920272,4,standard,0.5176,37.3565
14,8,D197,Sarah Shah,B18 7LQ,52.486622,-1.921313,1,express,0.3014,37.6578
14,9,D103,Nadia Wilson,B1 2DS,52.477714,-1.910728,3,standard,1.2227,38.8805
14,10,D052,Leon Kowalski,B1 2HT,52.476322,-1.913425,5,express,0.2394,39.1199
14,11,D237,Ravi Thomas,B21 9AP,52.502275,-1.92454,1,standard,2.9824,42.1023
14,12,D117,Chloe Morris,B21 9BN,52.50216,-1.927796,5,standard,0.2208,42.323
14,13,D080,Aaron Smith,B20 3PY,52.50864,-1.9118,2,standard,1.3005,43.6236
14,14,DEPOT,DPD Hinckley Depot,LE10 3BQ,52.527037,-1.390319,0,depot,35.3445,78.9681
15,0,DEPOT,DPD Hinckley Depot,LE10 3BQ,52.527037,-1.390319,0,depot,0.0,0.0
15,1,D246,Emily Ali,B7 5DR,52.496362,-1.874603,3,standard,32.95,32.95
15,2,D216,Aaron Sharma,B6 4AH,52.496335,-1.882675,2,standard,0.5465,33.4964
15,3,D150,James Khan,B6 5BP,52.499919,-1.889309,2,standard,0.6004,34.0969
15,4,D029,Amelia Thomas,B2 2RX,52.495968,-1.894209,1,standard,0.5505,34.6473
15,5,D102,Priya Evans,B2 2PL,52.495968,-1.894209,2,standard,0.0,34.6473
15,6,D109,Fatima Ali,B3 2PY,52.495968,-1.894209,2,standard,0.0,34.6473
15,7,D158,Aisha Ali,B2 2BE,52.495968,-1.894209,5,standard,0.0,34.6473
15,8,D184,Fatima Nwosu,B6 4HZ,52.49179,-1.896413,4,standard,0.4879,35.1353
15,9,D035,Sophia Iqbal,B4 7FN,52.487435,-1.892933,1,standard,0.5385,35.6738
15,10,D034,Mia Morris,B7 4NP,52.490879,-1.875061,3,express,1.2692,36.9431
15,11,D089,Sarah Rahman,B6 6SB,52.50854,-1.880064,3,standard,1.9928,38.9359
15,12,D058,Noah Davis,B6 6NS,52.511047,-1.887336,3,standard,0.5656,39.5015
15,13,DEPOT,DPD Hinckley Depot,LE10 3BQ,52.527037,-1.390319,0,depot,33.676,73.1775
16,0,DEPOT,DPD Hinckley Depot,LE10 3BQ,52.527037,-1.390319,0,depot,0.0,0.0
16,1,D152,Aaron Shah,B16 6NR,52.473385,-1.930287,2,express,37.0345,37.0345
16,2,D202,Priya Jones,B16 8WD,52.471434,-1.930805,1,express,0.2198,37.2542
16,3,D038,Harry Evans,B15 3NX,52.468066,-1.936213,2,standard,0.5239,37.7781
16,4,D264,Lucas Begum,B15 3TT,52.466708,-1.93433,1,standard,0.1977,37.9758
16,5,D112,Chloe Hill,B15 3JB,52.465198,-1.935981,3,standard,0.2017,38.1775
16,6,D082,Fatima Brown,B15 3AZ,52.467594,-1.94556,4,standard,0.7015,38.879
16,7,D187,Emily Brown,B17 9JN,52.465279,-1.953894,5,standard,0.6205,39.4995
16,8,D104,Tyler Clarke,B17 0BX,52.456118,-1.95539,3,standard,1.0237,40.5232
16,9,D205,Lucas Begum,B17 0TJ,52.446708,-1.96102,3,express,1.1137,41.6369
16,10,D065,Isabella Smith,B16 9EB,52.477865,-1.934741,3,standard,3.8952,45.5321
16,11,D277,Liam Hussain,B16 0LT,52.481395,-1.947104,4,standard,0.9247,46.4568
16,12,DEPOT,DPD Hinckley Depot,LE10 3BQ,52.527037,-1.390319,0,depot,38.0259,84.4827
17,0,DEPOT,DPD Hinckley Depot,LE10 3BQ,52.527037,-1.390319,0,depot,0.0,0.0
17,1,D206,Noah Hussain,LE18 1PJ,52.586606,-1.105702,1,express,20.3493,20.3493
17,2,D051,Aaron Osei,LE18 3YP,52.585119,-1.101555,4,express,0.3253,20.6747
17,3,D300,Mia Roberts,LE2 5UA,52.592068,-1.080407,4,standard,1.6242,22.2989
17,4,D162,Zara Patel,LE2 4QQ,52.595076,-1.06967,2,standard,0.7987,23.0975
17,5,D022,James Williams,LE2 2PB,52.604929,-1.086959,3,standard,1.6012,24.6987
17,6,D265,Isabella Nwosu,LE18 3SH,52.575923,-1.08067,4,express,3.2532,27.9519
17,7,D297,Tyler Patel,LE8 8AP,52.53468,-1.048197,2,standard,5.0844,33.0363
17,8,D012,James Jones,LE8 8ER,52.536239,-1.043076,3,express,0.3873,33.4236
17,9,D140,Daniel Nwosu,LE8 8DG,52.527535,-1.040671,4,standard,0.9814,34.405
17,10,D166,Tyler Rahman,LE8 0PT,52.544545,-0.994233,4,standard,3.6664,38.0714
17,11,DEPOT,DPD Hinckley Depot,LE10 3BQ,52.527037,-1.390319,0,depot,26.8603,64.9318
18,0,DEPOT,DPD Hinckley Depot,LE10 3BQ,52.527037,-1.390319,0,depot,0.0,0.0
18,1,D240,Ethan Roberts,B24 9PS,52.517366,-1.809272,3,express,28.3655,28.3655
18,2,D093,Yasmin Thomas,B24 8JP,52.511758,-1.834848,4,standard,1.8396,30.2051
18,3,D293,Liam Kaur,B23 6AE,52.519394,-1.851031,1,standard,1.3857,31.5907
18,4,D119,Fatima Singh,B23 6GD,52.522419,-1.854204,2,standard,0.399,31.9898
18,5,D015,Yasmin Patel,B23 6HS,52.525783,-1.855976,4,standard,0.3928,32.3826
18,6,D268,Mia Brown,B23 7SW,52.520473,-1.874136,1,standard,1.3631,33.7457
18,7,D074,Noah Ali,B6 7EE,52.510722,-1.876743,3,standard,1.0985,34.8442
18,8,D191,Mohammed Evans,B7 5RX,52.499449,-1.861101,3,standard,1.6408,36.485
18,9,D090,Nadia Morris,B8 3QS,52.49405,-1.849659,1,standard,0.98,37.465
18,10,D179,Leon Morris,B8 2BH,52.496335,-1.831327,5,express,1.2668,38.7318
18,11,D122,Daniel Brown,B23 5FG,52.538761,-1.868377,4,standard,5.3423,44.0741
18,12,D173,Zara Iqbal,B73 6PW,52.551114,-1.853724,4,express,1.6937,45.7678
18,13,D139,Emily Ahmed,B73 6PY,52.555338,-1.859521,3,standard,0.6117,46.3795
18,14,D213,Daniel Johnson,B73 6JG,52.556366,-1.83437,1,express,1.7042,48.0837
18,15,D226,Chloe Nwosu,B73 6BJ,52.567209,-1.828767,3,standard,1.2638,49.3474
18,16,D094,Zara Singh,B75 6EL,52.577906,-1.804598,4,standard,2.0205,51.368
18,17,D129,Mohammed Ahmed,B74 4TA,52.588739,-1.854736,1,express,3.5953,54.9632
18,18,D294,Chloe Walker,B74 4NS,52.592963,-1.853836,2,express,0.4736,55.4368
18,19,DEPOT,DPD Hinckley Depot,LE10 3BQ,52.527037,-1.390319,0,depot,32.1792,87.6161
19,0,DEPOT,DPD Hinckley Depot,LE10 3BQ,52.527037,-1.390319,0,depot,0.0,0.0
19,1,D214,Noah Smith,B92 8JE,52.448548,-1.778716,5,standard,27.7087,27.7087
19,2,D170,Leon Kowalski,B25 8DT,52.463553,-1.834043,1,express,4.1034,31.8121
19,3,D274,Aiden Iqbal,B10 9PU,52.472141,-1.84913,4,express,1.3987,33.2108
19,4,D057,Mohammed Rahman,B10 0LL,52.468427,-1.855619,3,standard,0.6031,33.8139
19,5,D186,Ethan Hussain,B9 5QD,52.476315,-1.837764,2,express,1.494,35.3079
19,6,D212,Ethan Morris,B8 3AT,52.48743,-1.847134,3,standard,1.3893,36.6972
19,7,D132,Simran Roberts,B8 1HQ,52.486948,-1.857194,3,express,0.6833,37.3805
19,8,D043,Mia Nwosu,B8 2UG,52.489152,-1.824565,1,express,2.2228,39.6033
19,9,D018,James Hussain,B11 3NJ,52.449001,-1.842616,2,express,4.629,44.2323
19,10,D251,Mohammed Iqbal,B11 3BY,52.448057,-1.84927,5,standard,0.463,44.6953
19,11,D125,Priya Patel,B11 3AP,52.447832,-1.857039,3,express,0.5271,45.2224
19,12,D151,Aaron Hussain,B11 4AR,52.449196,-1.861994,3,standard,0.3685,45.5909
19,13,D153,Harry Begum,B13 9YX,52.441863,-1.872726,4,standard,1.0927,46.6836
19,14,D054,Noah Shah,B14 4EE,52.41722,-1.864033,2,standard,2.8028,49.4864
19,15,D183,Daniel Ahmed,B14 4JT,52.415005,-1.868642,5,express,0.398,49.8844
19,16,D176,Yasmin Khan,B90 2JT,52.409541,-1.840624,3,express,1.9951,51.8795
19,17,D178,Leon Smith,B90 2QP,52.401847,-1.842077,3,standard,0.8612,52.7407
19,18,D143,Ravi Brown,B90 4BB,52.396993,-1.816992,3,standard,1.7855,54.5261
19,19,D236,Ravi Iqbal,B91 3NX,52.406805,-1.782349,4,standard,2.5912,57.1173
19,20,DEPOT,DPD Hinckley Depot,LE10 3BQ,52.527037,-1.390319,0,depot,29.7322,86.8495
20,0,DEPOT,DPD Hinckley Depot,LE10 3BQ,52.527037,-1.390319,0,depot,0.0,0.0
20,1,D137,Priya Smith,LE19 4EN,52.610271,-1.226128,4,express,14.4499,14.4499
20,2,D281,Aisha Williams,LE19 4DX,52.61047,-1.220852,4,standard,0.3569,14.8068
20,3,D235,Simran Clarke,LE3 3PX,52.61937,-1.220857,2,standard,0.9896,15.7965
20,4,D106,Chloe Thomas,LE3 3JS,52.624994,-1.212189,4,standard,0.8564,16.6529
20,5,D135,Ravi Taylor,LE5 9NQ,52.61293,-1.194904,3,standard,1.7779,18.4308
20,6,D030,Mia Davis,LE19 1TP,52.611481,-1.190662,1,standard,0.3286,18.7595
20,7,D279,Zara Williams,LE3 6QZ,52.639093,-1.188573,3,standard,3.0736,21.833
20,8,D207,Tyler Johnson,LE3 6FJ,52.639759,-1.171758,5,standard,1.137,22.97
20,9,D096,Mia Sharma,LE3 8DD,52.648223,-1.20116,5,express,2.1957,25.1657
20,10,D190,Chloe Brown,LE6 0EB,52.663059,-1.223319,4,standard,2.2261,27.3918
20,11,D232,Leon Begum,LE6 0BY,52.657812,-1.230686,3,standard,0.7663,28.1581
20,12,D164,Aaron Patel,LE6 0FP,52.65733,-1.233902,2,standard,0.2234,28.3816
20,13,D217,Fatima Begum,LE6 0LG,52.651663,-1.244659,2,standard,0.961,29.3426
20,14,D138,Daniel Clarke,LE6 0XD,52.645696,-1.236544,4,standard,0.8602,30.2028
20,15,DEPOT,DPD Hinckley Depot,LE10 3BQ,52.527037,-1.390319,0,depot,16.7933,46.9961
21,0,DEPOT,DPD Hinckley Depot,LE10 3BQ,52.527037,-1.390319,0,depot,0.0,0.0
21,1,D193,Yasmin Davis,LE10 9TZ,52.535676,-1.376386,5,express,1.3457,1.3457
21,2,D285,Liam Hussain,LE10 9HH,52.539777,-1.373113,4,standard,0.5069,1.8526
21,3,D120,James Rahman,LE10 3JJ,52.51898,-1.370918,5,standard,2.3173,4.1699
21,4,D061,Zara Thomas,LE9 4LY,52.549644,-1.28369,3,express,6.8144,10.9843
21,5,D163,Mia Shah,LE9 7BA,52.578086,-1.308934,4,express,3.5935,14.5778
21,6,D182,Lucas Kowalski,LE9 7EP,52.576765,-1.3153,3,standard,0.4546,15.0324
21,7,D181,Amelia Davis,LE9 7ND,52.575738,-1.318002,5,express,0.2154,15.2477
21,8,D033,Oliver Thomas,LE9 8JH,52.582706,-1.358466,4,standard,2.8418,18.0895
21,9,D266,Aisha Williams,LE9 9NT,52.630887,-1.339441,4,express,5.5094,23.5989
21,10,D169,Sophia Thomas,LE9 7TG,52.587533,-1.269774,1,standard,6.7356,30.3345
21,11,DEPOT,DPD Hinckley Depot,LE10 3BQ,52.527037,-1.390319,0,depot,10.5669,40.9014
22,0,DEPOT,DPD Hinckley Depot,LE10 3BQ,52.527037,-1.390319,0,depot,0.0,0.0
22,1,D075,Lucas Davis,CV5 8HT,52.416269,-1.541584,3,express,16.0213,16.0213
22,2,D060,Daniel Brown,CV5 9NS,52.417367,-1.556025,2,standard,0.987,17.0083
22,3,D233,Aisha Ahmed,CV5 9JB,52.413794,-1.557517,4,standard,0.41,17.4183
22,4,D255,Sophia Wilson,CV5 7AH,52.406042,-1.554508,2,standard,0.8858,18.3041
22,5,D269,Noah Clarke,CV4 9BG,52.400006,-1.565445,5,standard,1.0005,19.3046
22,6,D145,Mia Kaur,CV4 8LS,52.395684,-1.556463,5,standard,0.7761,20.0807
22,7,D224,Harry Walker,CV4 8FL,52.392139,-1.560481,3,standard,0.4793,20.56
22,8,D257,James Singh,CV4 8JB,52.389136,-1.572736,2,standard,0.8962,21.4561
22,9,D116,Oliver Taylor,CV4 9JF,52.398887,-1.57933,4,standard,1.173,22.6291
22,10,D283,Charlotte Clarke,CV4 9FW,52.407024,-1.572079,3,standard,1.0299,23.6589
22,11,D078,Chloe Hill,CV5 7BQ,52.414118,-1.577186,1,standard,0.8615,24.5205
22,12,D108,Nadia Smith,CV5 9GG,52.426015,-1.568145,1,standard,1.4581,25.9785
22,13,D222,Aiden Kaur,CV4 9GY,52.414022,-1.604048,4,standard,2.776,28.7546
22,14,D087,George Hussain,CV4 9WG,52.410431,-1.600405,4,express,0.4696,29.2241
22,15,D292,George Hussain,CV4 9UD,52.401526,-1.598824,4,standard,0.996,30.2201
22,16,D036,Charlotte Taylor,CV4 8LN,52.394533,-1.596624,4,standard,0.7918,31.0119
22,17,D084,Aaron Singh,CV4 7BX,52.388265,-1.546443,2,standard,3.4758,34.4877
22,18,D069,Aisha Hussain,CV8 2TB,52.343028,-1.556548,4,standard,5.0767,39.5644
22,19,D128,Liam Brown,CV7 7LB,52.43007,-1.641159,5,standard,11.2538,50.8182
22,20,DEPOT,DPD Hinckley Depot,LE10 3BQ,52.527037,-1.390319,0,depot,20.1208,70.939
23,0,DEPOT,DPD Hinckley Depot,LE10 3BQ,52.527037,-1.390319,0,depot,0.0,0.0
23,1,D291,Amelia Smith,NG10 3AZ,52.883182,-1.310712,2,standard,39.9631,39.9631
23,2,D071,Simran Ali,NG10 3JG,52.887725,-1.297383,5,standard,1.0271,40.9902
23,3,D165,Sophia Brown,NG10 1DA,52.892722,-1.276226,3,express,1.5243,42.5145
23,4,D160,Aiden Williams,NG10 4HZ,52.907749,-1.281611,4,standard,1.7095,44.224
23,5,D254,Noah Nwosu,NG10 5LQ,52.918429,-1.29372,2,standard,1.4386,45.6626
23,6,D047,Tyler Shah,NG10 5GT,52.920775,-1.298159,1,express,0.3958,46.0583
23,7,D148,Lucas Khan,NG9 8PD,52.936311,-1.270159,5,standard,2.5508,48.6092
23,8,DEPOT,DPD Hinckley Depot,LE10 3BQ,52.527037,-1.390319,0,depot,46.2228,94.832
